user,title,log_time
vincenzodh3,당신의 향수,2022-12-30 15:11:54.983775
vincenzodh3,식스틴,2022-12-30 15:11:54.983775
vincenzodh3,낢에게와요,2022-12-30 15:11:54.983775
vincenzodh3,낢 부럽지 않은 신혼여행기,2022-12-30 15:11:54.983775
vincenzodh3,당신의 향수,2022-12-30 15:13:41.148639
vincenzodh3,식스틴,2022-12-30 15:13:41.148639
vincenzodh3,식스틴,2022-12-30 15:14:04.328591
vincenzodh3,낢에게와요,2022-12-30 15:14:04.328591
vincenzodh3,낢 부럽지 않은 신혼여행기,2022-12-30 15:14:04.328591
,어글리후드,2022-12-30 15:14:17.135309
,묵회,2022-12-30 15:14:17.135309
,지금 이 순간 마법처럼,2022-12-30 15:14:17.135309
,하나의 하루,2022-12-30 15:14:17.135309
,리얼주주,2022-12-30 15:14:17.135309
testing#!!?,어글리후드,2022-12-30 15:15:09.050355
testing#!!?,묵회,2022-12-30 15:15:09.050355
testing#!!?,지금 이 순간 마법처럼,2022-12-30 15:15:09.050355
testing#!!?,하나의 하루,2022-12-30 15:15:09.050355
testing#!!?,리얼주주,2022-12-30 15:15:09.050355
testing id,야채호빵의 봄방학,2022-12-30 15:20:20.909564
testing id,아랫집 시누이,2022-12-30 15:20:20.909564
testing id,수능일기,2022-12-30 15:20:20.909564
testing id,웃지 않는 개그반 시즌3,2022-12-30 15:20:20.909564
testing id,윌유메리미,2022-12-30 15:20:20.909564
testing id,마른 가지에 바람처럼,2022-12-30 15:20:20.909564
testing id,그 해 우리는 - 초여름이 좋아!,2022-12-30 15:20:20.909564
testing id,내가 죽기로 결심한 것은,2022-12-30 15:20:20.909564
testing id,돼지우리,2022-12-30 15:20:20.909564
testing id,놓지마 정신줄 시즌2,2022-12-30 15:20:20.909564
testing id,부릉부릉 천리마마트,2022-12-30 15:20:20.909564
testing id,순정말고 순종,2022-12-30 15:20:20.909564
testing id,병의 맛,2022-12-30 15:20:20.909564
testing id,에이머,2022-12-30 15:20:20.909564
te,낢에게와요,2022-12-30 15:21:59.174526
te,낢 부럽지 않은 신혼여행기,2022-12-30 15:21:59.174526
te2,어글리후드,2022-12-30 15:22:00.021260
te2,묵회,2022-12-30 15:22:00.021260
123,어글리후드,2022-12-30 15:22:49.572183
123,묵회,2022-12-30 15:22:49.572183
123,낢에게와요,2022-12-30 15:22:49.572183
123,낢 부럽지 않은 신혼여행기,2022-12-30 15:22:49.572183
456,낢에게와요,2022-12-30 15:22:50.440857
456,낢 부럽지 않은 신혼여행기,2022-12-30 15:22:50.440857
1,어글리후드,2022-12-30 15:24:25.705850
2,묵회,2022-12-30 15:24:26.570536
3,플랫다이어리,2022-12-30 15:24:26.969468
4,당신의 향수,2022-12-30 15:24:28.054563
vincentdh1993,당신의 향수,2022-12-30 15:28:31.863557
vincentdh1993,식스틴,2022-12-30 15:28:31.863557
vincentdh1993,엄마와 딸 x2,2022-12-30 15:28:31.863557
vincentdh1993,미쳐 날뛰는 생활툰,2022-12-30 15:28:31.863557
vincentdh1993,한 살이라도 어릴 때,2022-12-30 15:28:31.863557
vincentdh1993,같은도장,2022-12-30 15:28:31.863557
vincentdh1993,율리,2022-12-30 15:28:31.863557
vincentdh1993,남산선녀전,2022-12-30 15:28:31.863557
vincentdh1993,영수의 봄,2022-12-30 15:28:31.863557
vincentdh1993,나는 귀머거리다,2022-12-30 15:28:31.863557
vincentdh1993,오늘 밤은 어둠이 무서워요,2022-12-30 15:28:31.863557
vincentdh1993,일상날개짓,2022-12-30 15:28:31.863557
vincentdh1993,성공한 덕후,2022-12-30 15:28:31.863557
vincentdh1993,모두에게 완자가,2022-12-30 15:28:31.863557
vincentdh1993,실질객관동화,2022-12-30 15:28:31.863557
vincentdh1993,천년구미호,2022-12-30 15:28:31.863557
vincentdh1993,유미의 세포들,2022-12-30 15:28:31.863557
vincentdh1993,쿠베라,2022-12-30 15:28:31.863557
vincentdh1993,견우와 직녀,2022-12-30 15:28:31.863557
vincentdh1993,수능일기,2022-12-30 15:28:31.863557
fdgfg,당신의 향수,2022-12-30 15:49:06.097076
thr,당신의 향수,2022-12-30 15:49:41.818456
jjj,식스틴,2022-12-30 15:51:34.991512
jjj,낢에게와요,2022-12-30 15:51:34.991512
jjj,낢 부럽지 않은 신혼여행기,2022-12-30 15:51:34.991512
jjj,나는 어디에 있는 거니,2022-12-30 15:51:34.991512
111,당신의 향수,2022-12-30 15:54:17.559347
ds,당신의 향수,2022-12-30 15:56:34.638412
ds,식스틴,2022-12-30 15:56:34.638412
ds,리얼주주,2022-12-30 15:56:34.638412
ds,엄마와 딸 x2,2022-12-30 15:56:34.638412
ㅊㅊㅊ,당신의 향수,2022-12-30 15:57:57.135582
ㅊㅊㅊ,식스틴,2022-12-30 15:57:57.135582
ㅊㅊㅊ,낢에게와요,2022-12-30 15:57:57.135582
ㅊㅊㅊ,낢 부럽지 않은 신혼여행기,2022-12-30 15:57:57.135582
ㅅㄷㄴㅅ,하나의 하루,2022-12-30 15:58:51.178917
ㅅㄷㄴㅅ,리얼주주,2022-12-30 15:58:51.178917
ㅅㄷㄴㅅ,국립자유경제 고등학교 세실고,2022-12-30 15:58:51.178917
ㅅㄷㄴㅅ,구름이 피워낸 꽃,2022-12-30 15:58:51.178917
